WKT,name,description
"POLYGON ((106.7874272 -6.3640685, 106.7651113 -6.36168, 106.7489751 -6.36168, 106.7448552 -6.3770342, 106.7438253 -6.3968233, 106.7379888 -6.4108117, 106.7345555 -6.4305995, 106.7355855 -6.4473162, 106.7524083 -6.4759721, 106.8107732 -6.4725608, 106.8526586 -6.4711963, 106.8842443 -6.4527746, 106.8917974 -6.4132, 106.8746312 -6.3852229, 106.8293126 -6.374987, 106.7874272 -6.3640685))",Kota Administrasi Depok, Jawa Barat,
